product_id,product_category_name,month_year,qty,total_price,freight_price,unit_price,product_name_lenght,product_description_lenght,product_photos_qty,product_weight_g,product_score,customers,weekday,weekend,holiday,month,year,s,volume,comp_1,ps1,fp1,comp_2,ps2,fp2,comp_3,ps3,fp3,lag_price
computers1,computers_accessories,2017-05-01,4,379.6,15.84,94.9,45,236,1,173,4.0,11,23,8,1,5,2017,10.81081081,2808,94.9,4.0,15.84,94.9,4.0,15.84,94.9,4.0,15.84,94.85
computers1,computers_accessories,2017-06-01,6,611.4,17.785,100.9,45,236,1,173,4.0,15,22,8,1,6,2017,10.06889242,2808,159.99,4.2,42.03333333,100.9,4.0,17.785,100.9,4.0,17.785,94.9
computers1,computers_accessories,2017-07-01,10,1099.0,12.015,109.9,45,236,1,173,4.0,17,21,10,1,7,2017,22.33704293,2808,139.99,4.2,48.10833333,109.9,4.0,12.015,109.9,4.0,12.015,100.9
computers1,computers_accessories,2017-08-01,2,219.8,10.39,109.9,45,236,1,173,4.0,15,23,8,1,8,2017,3.192898781,2808,145.7042857,4.2,36.46,109.9,4.0,10.39,109.9,4.0,10.39,109.9
computers1,computers_accessories,2017-09-01,4,395.6,14.975,98.9,45,236,1,173,4.0,15,21,9,1,9,2017,10.81081081,2808,151.99,4.2,43.72272727,98.9,4.0,14.975,98.9,4.0,14.975,109.9
computers1,computers_accessories,2017-10-01,4,395.6,17.1225,98.9,45,236,1,173,4.0,31,22,9,2,10,2017,10.81081081,2808,154.6958824,4.2,43.88117647,98.9,4.0,17.1225,98.9,4.0,17.1225,98.9
computers1,computers_accessories,2017-11-01,6,593.4,16.14,98.9,45,236,1,173,4.0,36,22,8,4,11,2017,16.21621622,2808,149.99,4.2,42.51722222,98.9,4.0,16.14,109.9,3.5,15.52,98.9
computers1,computers_accessories,2017-12-01,1,98.9,13.71,98.9,45,236,1,173,4.0,35,21,10,1,12,2017,2.702702703,2808,149.99,4.2,38.57,98.9,4.0,13.71,109.9,3.5,25.24916667,98.9
computers1,computers_accessories,2018-01-01,31,2795.14,14.08322581,90.534,45,236,1,173,4.0,152,23,8,2,1,2018,30.39215686,2808,156.5113514,4.2,36.8072093,150.3545455,4.3,22.54772727,97.6425,3.5,14.84655172,98.9
computers1,computers_accessories,2018-02-01,30,2537.19,14.096,84.75608696,45,236,1,173,4.0,202,20,8,2,2,2018,29.41176471,2808,149.0,4.2,41.16322581,149.9,4.3,26.55289855,78.7122807,3.5,14.53591549,90.534
computers1,computers_accessories,2018-03-01,13,1139.8,11.67230769,87.5,45,236,1,173,4.0,127,22,9,1,3,2018,12.74509804,2808,136.1428571,4.2,48.0475,149.9,4.3,28.47588235,81.02391304,3.5,18.22148148,84.75608696
computers1,computers_accessories,2018-04-01,5,470.0,15.48,94.0,45,236,1,173,4.0,107,21,9,1,4,2018,4.901960784,2808,120.9230769,4.2,27.25303571,149.9,4.3,30.22742857,80.66666667,3.5,18.17230769,87.5
computers1,computers_accessories,2018-06-01,4,292.0,17.1875,73.0,45,236,1,173,4.0,66,21,9,0,6,2018,10.06889242,2808,114.4911538,4.2,53.62555556,149.9,4.3,27.62666667,78.9,3.5,17.328,72.95
computers1,computers_accessories,2018-07-01,18,1199.48,21.16444444,66.34214286,45,236,1,173,4.0,43,22,9,1,7,2018,22.33704293,2808,119.99,4.2,48.62666667,149.9,4.3,33.57153846,77.9,3.5,14.63857143,73.0
computers1,computers_accessories,2018-08-01,1,79.9,13.9,79.9,45,236,1,173,4.0,18,23,8,1,8,2018,3.192898781,2808,119.99,4.2,39.046,149.9,4.3,24.76,77.9,3.5,13.415,66.34214286
computers2,computers_accessories,2017-11-01,1,109.9,15.52,109.9,33,256,1,180,3.5,36,22,8,4,11,2017,7.692307692,2210,149.99,4.2,42.51722222,109.9,3.5,15.52,109.9,3.5,15.52,109.85
computers2,computers_accessories,2017-12-01,12,1318.8,25.24916667,109.9,33,256,1,180,3.5,35,21,10,1,12,2017,92.30769231,2210,149.99,4.2,38.57,109.9,3.5,25.24916667,109.9,3.5,25.24916667,109.9
computers2,computers_accessories,2018-01-01,29,2831.55,14.84655172,97.6425,33,256,1,180,3.5,152,23,8,2,1,2018,17.05882353,2210,156.5113514,4.2,36.8072093,150.3545455,4.3,22.54772727,97.6425,3.5,14.84655172,109.9
computers2,computers_accessories,2018-02-01,71,5581.8,14.53591549,78.7122807,33,256,1,180,3.5,202,20,8,2,2,2018,41.76470588,2210,149.0,4.2,41.16322581,149.9,4.3,26.55289855,78.7122807,3.5,14.53591549,97.6425
computers2,computers_accessories,2018-03-01,27,2187.3,18.22148148,81.02391304,33,256,1,180,3.5,127,22,9,1,3,2018,15.88235294,2210,136.1428571,4.2,48.0475,149.9,4.3,28.47588235,81.02391304,3.5,18.22148148,78.7122807
computers2,computers_accessories,2018-04-01,13,1042.9,18.17230769,80.66666667,33,256,1,180,3.5,107,21,9,1,4,2018,7.647058824,2210,120.9230769,4.2,27.25303571,149.9,4.3,30.22742857,80.66666667,3.5,18.17230769,81.02391304
computers2,computers_accessories,2018-05-01,11,876.9,14.41454545,79.8,33,256,1,180,3.5,78,23,8,3,5,2018,6.470588235,2210,119.0,4.2,39.2172,149.9,4.3,18.94307692,79.8,3.5,14.41454545,80.66666667
computers2,computers_accessories,2018-06-01,10,789.0,17.328,78.9,33,256,1,180,3.5,66,21,9,0,6,2018,5.882352941,2210,114.4911538,4.2,53.62555556,149.9,4.3,27.62666667,78.9,3.5,17.328,79.8
computers2,computers_accessories,2018-07-01,7,545.3,14.63857143,77.9,33,256,1,180,3.5,43,22,9,1,7,2018,4.117647059,2210,119.99,4.2,48.62666667,149.9,4.3,33.57153846,77.9,3.5,14.63857143,78.9
computers2,computers_accessories,2018-08-01,2,155.8,13.415,77.9,33,256,1,180,3.5,18,23,8,1,8,2018,1.176470588,2210,119.99,4.2,39.046,149.9,4.3,24.76,77.9,3.5,13.415,77.9
computers3,computers_accessories,2017-05-01,15,2715.7,18.75466667,178.0571429,42,363,1,922,4.2,11,23,8,1,5,2017,15.78947368,7650,178.0571429,4.2,18.75466667,178.0571429,4.2,18.75466667,178.0571429,4.2,18.75466667,178.0071429
computers3,computers_accessories,2017-06-01,15,2247.72,21.70066667,149.8525,42,363,1,922,4.2,15,22,8,1,6,2017,15.78947368,7650,159.99,4.2,42.03333333,149.8525,4.2,21.70066667,149.8525,4.2,21.70066667,178.0571429
computers3,computers_accessories,2017-07-01,4,584.77,18.27,146.6,42,363,1,922,4.2,17,21,10,1,7,2017,4.210526316,7650,139.99,4.2,48.10833333,146.6,4.2,18.27,146.6,4.2,18.27,149.8525
computers3,computers_accessories,2017-08-01,13,1884.45,19.28538462,144.96,42,363,1,922,4.2,15,23,8,1,8,2017,13.68421053,7650,145.7042857,4.2,36.46,144.96,4.2,19.28538462,144.96,4.2,19.28538462,146.6
computers3,computers_accessories,2017-09-01,12,1656.87,35.9225,138.59,42,363,1,922,4.2,15,21,9,1,9,2017,12.63157895,7650,151.99,4.2,43.72272727,138.59,4.2,35.9225,138.59,4.2,35.9225,144.96
computers3,computers_accessories,2017-10-01,16,2206.4,36.021875,137.9,42,363,1,922,4.2,31,22,9,2,10,2017,16.84210526,7650,154.6958824,4.2,43.88117647,137.9,4.2,36.021875,137.9,4.2,36.021875,138.59
computers3,computers_accessories,2017-11-01,18,2482.2,39.39888889,137.9,42,363,1,922,4.2,36,22,8,4,11,2017,18.94736842,7650,149.99,4.2,42.51722222,137.9,4.2,39.39888889,109.9,3.5,15.52,137.9
computers3,computers_accessories,2017-12-01,2,269.8,38.78,134.9,42,363,1,922,4.2,35,21,10,1,12,2017,2.105263158,7650,149.99,4.2,38.57,134.9,4.2,38.78,109.9,3.5,25.24916667,137.9
computers3,computers_accessories,2018-01-01,5,665.0,38.044,133.0,42,363,1,922,4.2,152,23,8,2,1,2018,62.5,7650,156.5113514,4.2,36.8072093,150.3545455,4.3,22.54772727,97.6425,3.5,14.84655172,134.9
computers3,computers_accessories,2018-02-01,3,398.91,14.59666667,132.97,42,363,1,922,4.2,202,20,8,2,2,2018,37.5,7650,149.0,4.2,41.16322581,149.9,4.3,26.55289855,78.7122807,3.5,14.53591549,133.0
computers4,computers_accessories,2017-02-01,3,479.97,33.4,159.99,59,1893,1,6550,4.2,3,20,8,2,2,2017,7.889030612,8000,159.99,4.2,33.4,159.99,4.2,33.4,159.99,4.2,33.4,159.94
computers4,computers_accessories,2017-03-01,3,479.97,33.4,159.99,59,1893,1,6550,4.2,3,23,8,1,3,2017,10.54209184,8000,159.99,4.2,33.4,159.99,4.2,33.4,159.99,4.2,33.4,159.99
computers4,computers_accessories,2017-04-01,5,699.95,35.122,139.99,59,1893,1,6550,4.2,5,20,10,2,4,2017,14.0327381,8000,139.99,4.2,35.122,139.99,4.2,35.122,139.99,4.2,35.122,159.99
computers4,computers_accessories,2017-06-01,3,479.97,42.03333333,159.99,59,1893,1,6550,4.2,15,22,8,1,6,2017,7.072704082,8000,159.99,4.2,42.03333333,159.99,4.2,42.03333333,159.99,4.2,42.03333333,159.94
computers4,computers_accessories,2017-07-01,6,839.94,48.10833333,139.99,59,1893,1,6550,4.2,17,21,10,1,7,2017,4.961734694,8000,139.99,4.2,48.10833333,139.99,4.2,48.10833333,139.99,4.2,48.10833333,159.99
computers4,computers_accessories,2017-08-01,7,1019.93,36.46,145.7042857,59,1893,1,6550,4.2,15,23,8,1,8,2017,5.68664966,8000,145.7042857,4.2,36.46,145.7042857,4.2,36.46,145.7042857,4.2,36.46,139.99
computers4,computers_accessories,2017-09-01,11,1679.89,43.72272727,151.99,59,1893,1,6550,4.2,15,21,9,1,9,2017,11.45833333,8000,151.99,4.2,43.72272727,151.99,4.2,43.72272727,151.99,4.2,43.72272727,145.7042857
computers4,computers_accessories,2017-10-01,17,2629.83,43.88117647,154.6958824,59,1893,1,6550,4.2,31,22,9,2,10,2017,17.70833333,8000,154.6958824,4.2,43.88117647,154.6958824,4.2,43.88117647,154.6958824,4.2,43.88117647,151.99
computers4,computers_accessories,2017-11-01,18,2699.82,42.51722222,149.99,59,1893,1,6550,4.2,36,22,8,4,11,2017,18.75,8000,149.99,4.2,42.51722222,149.99,4.2,42.51722222,109.9,3.5,15.52,154.6958824
computers4,computers_accessories,2017-12-01,23,3449.77,38.57,149.99,59,1893,1,6550,4.2,35,21,10,1,12,2017,23.95833333,8000,149.99,4.2,38.57,149.99,4.2,38.57,109.9,3.5,25.24916667,149.99
computers4,computers_accessories,2018-01-01,43,6746.9,36.8072093,156.5113514,59,1893,1,6550,4.2,152,23,8,2,1,2018,17.55102041,8000,156.5113514,4.2,36.8072093,150.3545455,4.3,22.54772727,97.6425,3.5,14.84655172,149.99
computers4,computers_accessories,2018-02-01,31,4619.0,41.16322581,149.0,59,1893,1,6550,4.2,202,20,8,2,2,2018,7.889030612,8000,149.0,4.2,41.16322581,149.9,4.3,26.55289855,78.7122807,3.5,14.53591549,156.5113514
computers4,computers_accessories,2018-03-01,44,5986.0,48.0475,136.1428571,59,1893,1,6550,4.2,127,22,9,1,3,2018,10.54209184,8000,136.1428571,4.2,48.0475,149.9,4.3,28.47588235,81.02391304,3.5,18.22148148,149.0
computers4,computers_accessories,2018-04-01,56,6764.0,27.25303571,120.9230769,59,1893,1,6550,4.2,107,21,9,1,4,2018,14.0327381,8000,120.9230769,4.2,27.25303571,149.9,4.3,30.22742857,80.66666667,3.5,18.17230769,136.1428571
computers4,computers_accessories,2018-05-01,25,2975.0,39.2172,119.0,59,1893,1,6550,4.2,78,23,8,3,5,2018,10.20408163,8000,119.0,4.2,39.2172,149.9,4.3,18.94307692,79.8,3.5,14.41454545,120.9230769
computers4,computers_accessories,2018-06-01,27,3086.76,53.62555556,114.4911538,59,1893,1,6550,4.2,66,21,9,0,6,2018,7.072704082,8000,114.4911538,4.2,53.62555556,149.9,4.3,27.62666667,78.9,3.5,17.328,119.0
computers4,computers_accessories,2018-07-01,9,1079.91,48.62666667,119.99,59,1893,1,6550,4.2,43,22,9,1,7,2018,4.961734694,8000,119.99,4.2,48.62666667,149.9,4.3,33.57153846,77.9,3.5,14.63857143,114.4911538
computers4,computers_accessories,2018-08-01,10,1199.9,39.046,119.99,59,1893,1,6550,4.2,18,23,8,1,8,2018,5.68664966,8000,119.99,4.2,39.046,149.9,4.3,24.76,77.9,3.5,13.415,119.99
computers5,computers_accessories,2017-10-01,1,167.0,14.92,167.0,33,300,1,207,3.5,31,22,9,2,10,2017,33.33333333,2926,154.6958824,4.2,43.88117647,167.0,3.5,14.92,167.0,3.5,14.92,166.95
computers5,computers_accessories,2017-12-01,2,239.8,13.44,119.9,33,300,1,207,3.5,35,21,10,1,12,2017,66.66666667,2926,149.99,4.2,38.57,119.9,3.5,13.44,109.9,3.5,25.24916667,119.85
computers5,computers_accessories,2018-01-01,57,5453.96,12.23912281,93.09489362,33,300,1,207,3.5,152,23,8,2,1,2018,45.96774194,2926,156.5113514,4.2,36.8072093,150.3545455,4.3,22.54772727,97.6425,3.5,14.84655172,119.9
computers5,computers_accessories,2018-02-01,45,3465.8,11.51311111,77.155,33,300,1,207,3.5,202,20,8,2,2,2018,36.29032258,2926,149.0,4.2,41.16322581,149.9,4.3,26.55289855,78.7122807,3.5,14.53591549,93.09489362
computers5,computers_accessories,2018-03-01,6,528.0,17.55333333,88.0,33,300,1,207,3.5,127,22,9,1,3,2018,4.838709677,2926,136.1428571,4.2,48.0475,149.9,4.3,28.47588235,81.02391304,3.5,18.22148148,77.155
computers5,computers_accessories,2018-04-01,10,880.0,10.869,88.0,33,300,1,207,3.5,107,21,9,1,4,2018,8.064516129,2926,120.9230769,4.2,27.25303571,149.9,4.3,30.22742857,80.66666667,3.5,18.17230769,88.0
computers5,computers_accessories,2018-06-01,3,269.7,21.82666667,89.9,33,300,1,207,3.5,66,21,9,0,6,2018,2.419354839,2926,114.4911538,4.2,53.62555556,149.9,4.3,27.62666667,78.9,3.5,17.328,89.85
computers5,computers_accessories,2018-07-01,3,236.7,13.41333333,78.9,33,300,1,207,3.5,43,22,9,1,7,2018,2.419354839,2926,119.99,4.2,48.62666667,149.9,4.3,33.57153846,77.9,3.5,14.63857143,89.9
computers6,computers_accessories,2018-01-01,22,3307.8,22.54772727,150.3545455,48,894,1,533,4.3,152,23,8,2,1,2018,8.02919708,4840,156.5113514,4.2,36.8072093,150.3545455,4.3,22.54772727,97.6425,3.5,14.84655172,150.3045455
computers6,computers_accessories,2018-02-01,69,10343.1,26.55289855,149.9,48,894,1,533,4.3,202,20,8,2,2,2018,25.18248175,4840,149.0,4.2,41.16322581,149.9,4.3,26.55289855,78.7122807,3.5,14.53591549,150.3545455
computers6,computers_accessories,2018-03-01,51,7644.9,28.47588235,149.9,48,894,1,533,4.3,127,22,9,1,3,2018,18.61313869,4840,136.1428571,4.2,48.0475,149.9,4.3,28.47588235,81.02391304,3.5,18.22148148,149.9
computers6,computers_accessories,2018-04-01,35,5246.5,30.22742857,149.9,48,894,1,533,4.3,107,21,9,1,4,2018,12.77372263,4840,120.9230769,4.2,27.25303571,149.9,4.3,30.22742857,80.66666667,3.5,18.17230769,149.9
computers6,computers_accessories,2018-05-01,52,7794.8,18.94307692,149.9,48,894,1,533,4.3,78,23,8,3,5,2018,18.97810219,4840,119.0,4.2,39.2172,149.9,4.3,18.94307692,79.8,3.5,14.41454545,149.9
computers6,computers_accessories,2018-06-01,27,4047.3,27.62666667,149.9,48,894,1,533,4.3,66,21,9,0,6,2018,9.854014599,4840,114.4911538,4.2,53.62555556,149.9,4.3,27.62666667,78.9,3.5,17.328,149.9
computers6,computers_accessories,2018-07-01,13,1948.7,33.57153846,149.9,48,894,1,533,4.3,43,22,9,1,7,2018,4.744525547,4840,119.99,4.2,48.62666667,149.9,4.3,33.57153846,77.9,3.5,14.63857143,149.9
computers6,computers_accessories,2018-08-01,5,749.5,24.76,149.9,48,894,1,533,4.3,18,23,8,1,8,2018,1.824817518,4840,119.99,4.2,39.046,149.9,4.3,24.76,77.9,3.5,13.415,149.9
consoles1,consoles_games,2017-07-01,13,258.7,13.47307692,19.9,49,100,4,150,4.2,13,21,10,1,7,2017,7.59180791,2304,19.9,4.2,13.47307692,19.9,3.9,11.85,19.9,4.2,13.47307692,19.85
consoles1,consoles_games,2017-08-01,24,477.6,16.16375,19.9,49,100,4,150,4.2,33,23,8,1,8,2017,20.33898305,2304,19.9,4.2,16.16375,19.9,3.9,15.83272727,19.9,4.2,16.16375,19.9
consoles1,consoles_games,2017-09-01,9,179.1,16.13333333,19.9,49,100,4,150,4.2,17,21,9,1,9,2017,7.627118644,2304,19.9,4.2,16.13333333,19.9,3.9,15.41111111,19.9,4.2,16.13333333,19.9
consoles1,consoles_games,2017-10-01,28,603.2,13.53428571,21.54285714,49,100,4,150,4.2,38,22,9,2,10,2017,23.72881356,2304,21.54285714,4.2,13.53428571,20.66666667,3.9,12.80333333,21.54285714,4.2,13.53428571,19.9
consoles1,consoles_games,2017-11-01,28,686.0,13.64535714,24.5,49,100,4,150,4.2,49,22,8,4,11,2017,23.72881356,2304,24.5,4.2,13.64535714,24.5,3.9,13.65217391,24.5,4.2,13.64535714,21.54285714
consoles1,consoles_games,2017-12-01,16,392.0,12.87375,24.5,49,100,4,150,4.2,30,21,10,1,12,2017,13.55932203,2304,24.5,4.2,12.87375,24.5,3.9,13.52470588,24.5,4.2,12.87375,24.5
consoles1,consoles_games,2018-02-01,5,162.5,15.256,32.5,49,100,4,150,4.2,6,20,8,2,2,2018,20.83333333,2304,32.5,4.2,15.256,32.5,3.9,11.85,32.5,4.2,15.256,32.45
consoles1,consoles_games,2018-03-01,6,195.0,18.05666667,32.5,49,100,4,150,4.2,13,22,9,1,3,2018,25.0,2304,32.5,4.2,18.05666667,32.74285714,3.9,14.02714286,32.5,4.2,18.05666667,32.5
consoles1,consoles_games,2018-04-01,7,245.4,12.98571429,35.05714286,49,100,4,150,4.2,13,21,9,1,4,2018,29.16666667,2304,35.05714286,4.2,12.98571429,34.2,3.9,15.015,35.05714286,4.2,12.98571429,32.5
consoles1,consoles_games,2018-05-01,3,108.6,15.87,36.2,49,100,4,150,4.2,3,23,8,3,5,2018,12.5,2304,36.2,4.2,15.87,36.2,4.2,15.87,36.2,4.2,15.87,35.05714286
consoles1,consoles_games,2018-06-01,2,72.4,18.35,36.2,49,100,4,150,4.2,2,21,9,0,6,2018,8.333333333,2304,36.2,4.2,18.35,36.2,4.2,18.35,36.2,4.2,18.35,36.2
consoles1,consoles_games,2018-07-01,1,36.2,22.18,36.2,49,100,4,150,4.2,1,22,9,1,7,2018,7.59180791,2304,36.2,4.2,22.18,36.2,4.2,22.18,36.2,4.2,22.18,36.2
consoles2,consoles_games,2017-07-01,1,19.9,11.85,19.9,56,237,3,100,3.9,13,21,10,1,7,2017,1.369863014,2304,19.9,4.2,13.47307692,19.9,3.9,11.85,19.9,3.9,11.85,19.85
consoles2,consoles_games,2017-08-01,11,218.9,15.83272727,19.9,56,237,3,100,3.9,33,23,8,1,8,2017,15.06849315,2304,19.9,4.2,16.16375,19.9,3.9,15.83272727,19.9,3.9,15.83272727,19.9
consoles2,consoles_games,2017-09-01,9,179.1,15.41111111,19.9,56,237,3,100,3.9,17,21,9,1,9,2017,12.32876712,2304,19.9,4.2,16.13333333,19.9,3.9,15.41111111,19.9,3.9,15.41111111,19.9
consoles2,consoles_games,2017-10-01,12,248.0,12.80333333,20.66666667,56,237,3,100,3.9,38,22,9,2,10,2017,16.43835616,2304,21.54285714,4.2,13.53428571,20.66666667,3.9,12.80333333,20.66666667,3.9,12.80333333,19.9
consoles2,consoles_games,2017-11-01,23,563.5,13.65217391,24.5,56,237,3,100,3.9,49,22,8,4,11,2017,31.50684932,2304,24.5,4.2,13.64535714,24.5,3.9,13.65217391,24.5,3.9,13.65217391,20.66666667
consoles2,consoles_games,2017-12-01,17,416.5,13.52470588,24.5,56,237,3,100,3.9,30,21,10,1,12,2017,23.28767123,2304,24.5,4.2,12.87375,24.5,3.9,13.52470588,24.5,3.9,13.52470588,24.5
consoles2,consoles_games,2018-01-01,10,271.2,13.319,27.03333333,56,237,3,100,3.9,9,23,8,2,1,2018,41.66666667,2304,27.03333333,3.9,13.319,27.03333333,3.9,13.319,27.03333333,3.9,13.319,24.5
consoles2,consoles_games,2018-02-01,1,32.5,11.85,32.5,56,237,3,100,3.9,6,20,8,2,2,2018,4.166666667,2304,32.5,4.2,15.256,32.5,3.9,11.85,32.5,3.9,11.85,27.03333333
consoles2,consoles_games,2018-03-01,7,229.2,14.02714286,32.74285714,56,237,3,100,3.9,13,22,9,1,3,2018,29.16666667,2304,32.5,4.2,18.05666667,32.74285714,3.9,14.02714286,32.74285714,3.9,14.02714286,32.5
consoles2,consoles_games,2018-04-01,6,205.2,15.015,34.2,56,237,3,100,3.9,13,21,9,1,4,2018,25.0,2304,35.05714286,4.2,12.98571429,34.2,3.9,15.015,34.2,3.9,15.015,32.74285714
